keys,ko,en
GHOST_SELECT,이번 삶의 유령,
GHOST_BASE,선택한 유령,
GHOST_SELECTED,선택됨 · 이 유령으로 출발,
GHOST_AVAILABLE,해금됨 · 클릭하여 선택,
GHOST_NAME_WANDERER,떠도는 유령,
GHOST_NAME_REAPER,사신 유령,
GHOST_NAME_ARCANIST,비술 유령,
GHOST_NAME_GUNSLINGER,총잡이 유령,
GHOST_ATTACK_WANDERER,느린 영혼탄,
GHOST_ATTACK_REAPER,영혼 베기,
GHOST_ATTACK_ARCANIST,충전 마법탄,
GHOST_ATTACK_GUNSLINGER,영혼 권총,
GHOST_DESC_WANDERER,느리고 큰 영혼탄을 연속으로 발사합니다. 적의 움직임을 예상해 쏘세요. 빙의하면 몬스터의 무기를 사용합니다.,
GHOST_DESC_REAPER,전방 3m의 적들을 넓게 벱니다. 가까이 파고들어 약화하고 빙의하세요. 벽 너머에는 닿지 않습니다.,
GHOST_DESC_ARCANIST,좌클릭을 0.8초 유지하면 강한 마법탄이 발사됩니다. 충전 중 놓으면 취소됩니다. 빙의하면 충전이 초기화됩니다.,
GHOST_DESC_GUNSLINGER,빠르고 약한 단발 사격으로 적을 약화합니다. 좌클릭 유지로 연속 사격하며 유령 상태에는 탄창 제한이 없습니다.,
GHOST_LOCK_REAPER,근거리 · 중간 보스 묘지기 격파로 해금,
GHOST_LOCK_ARCANIST,충전 마법 · 한 원정에서 서로 다른 몸 3종 빙의,
GHOST_LOCK_GUNSLINGER,정밀 사격 · 첫 원정 클리어로 해금,
GHOST_UNLOCK_REAPER,사신 유령 해금 · 다음 판부터 선택 가능,
GHOST_UNLOCK_ARCANIST,비술 유령 해금 · 다음 판부터 선택 가능,
GHOST_UNLOCK_GUNSLINGER,총잡이 유령 해금 · 다음 판부터 선택 가능,
GHOST_SAVE_ERROR,해금 저장 실패 · 저장 폴더를 확인하세요,
GAME_TITLE,POSSESS,
TITLE_EYEBROW,"빌린 육체, 남겨진 영혼",
TITLE_SUB,끝나지 않은 삶을 빌리다,
TITLE_DESC,"적의 몸을 빼앗고, 그 힘으로 지하를 돌파하세요.
몸은 사라져도 영혼에 새긴 힘은 남습니다.",
START,연습방에서 시작    Enter,
SKIP,전투로 바로 출발    Tab,
FOOTER,0.8   /   THE BORROWED FLESH,
BRIEF_TITLE,문 너머로,
BRIEF_SUB,전투 준비,
BRIEF_DESC,몸을 약화하고 빙의하세요. 방을 정리하면 출구가 열립니다.,
READY,전투 시작    Enter,
STAGE,현재 구역,
ENEMIES,남은 적,
HOST,빌린 몸,
SOUL,유령,
SOUL_LEVEL,영혼  Lv.%d                         %d / %d,
SECONDS,%.1f초,
AMMO,%02d / %d,
UNLIMITED,∞,
GHOST_WEAPON,유령탄,
HOST_FORMAT,%s,
DOOR,F 길게 · 몸을 유지하고 다음 방으로,
DOOR_END,F 길게 · 원정 마치기,
SUPPLY,F 길게 · 수명 +8초,
SECRET,F 길게 · 유물 봉인 해제,
TRAIN_MOVE,WASD로 앞의 표식까지 이동하세요,
TRAIN_WEAKEN,좌클릭으로 적을 약화하세요,
TRAIN_POSSESS,약해진 적을 조준하고 우클릭으로 빙의,
TRAIN_DOOR,몸을 빼앗았습니다 · 문 앞에서 F 길게,
TRAIN_INSPECT,Esc로 현재 몸을 확인하세요,
TRAIN_SUPPLY,보급 상자 가까이에서 F 길게 누르기,
TRAIN_ATTACK,새 몸의 무기로 공격하세요,
TRAIN_EJECT,E로 몸에서 나오세요,
AUG_EYEBROW,영혼 각인   /   시간 정지,
AUG_TITLE,무엇을 남길 것인가,
AUG_SUB,몸을 바꿔도 유지됩니다 · 한 가지 힘을 선택하세요,
AUG_TAG,%02d   /   %s   /   %d단계,
CHOOSE,[%d]  이 힘을 새기기,
REROLL,다시 제안 %d회    R,
AUG_FOOTER,클릭 또는 1 / 2 / 3 선택     ·     Esc 현재 몸 확인,
COMBO_READY,%s · 선택하면 조합 완성,
COMBO_NEED,%s · %s 필요,
PAUSE_TITLE,빌린 몸의 기록,
PAUSE_EYEBROW,시간 정지   /   전투와 부패가 멈췄습니다,
RESUME,돌아가기    Esc,
TAB_BODY,현재 몸,
TAB_JOURNAL,원정 기록,
TAB_CONTROLS,조작,
EMPTY_HOST,몸을 빌리면 개체 수치와 특성을 확인할 수 있습니다.,
DAMAGE,현재 공격 피해,
PELLET,산탄 1발 피해 (×6),
CHARGE,최대 충전 피해,
RATE,초당 공격 횟수,
MOVE,이동 속도,
RELOAD,재장전 시간,
LIFE,남은 시간 / 최대,
REDUCTION,피격 수명 감소율,
RESIST,개체 빙의 저항,
HEALTH,원래 몸의 체력,
NUM,%.1f,
SPEED,%.2f m/s,
PERCENT,%.0f%%,
LIFE_VALUE,%.1f / %.1f초,
NA,—,
IV,개체 수치   공격 %+.1f%%   /   이동 %+.1f%%   /   활력 %+.1f%%,
BUILD,영혼 각인   %s,
EMPTY_BUILD,아직 증강이 없습니다,
AUG_OWNED,%s %d단계 · %s,
SEPARATOR,    /    ,
LINES,"
",
ROUTE_TITLE,군주에게 이르는 길,
ROUTE_ROW,%s %d  %s,
ROUTE_CURRENT,>,
ROUTE_DONE,+,
ROUTE_FUTURE,·,
COMBOS_TITLE,조합 도감,
RELICS_TITLE,발견한 유물,
EMPTY_RELICS,보스 승리·비밀·의뢰로 발견합니다.,
COMBO_ROW,"%s %s
%s
%s
",
RELIC_ROW,"%s
%s
",
QUEST,의뢰  %s   %d / %d   ·   %s,
QUEST_DONE,완료,
QUEST_REWARD,보상: 유물,
CONTROLS,"WASD    이동         마우스    시점
좌클릭    공격         우클릭    빙의
F 길게    보급 · 출구 · 비밀         E    몸 이탈
Shift    회피         Space    점프
R    재장전 · 증강 다시 제안 · 결과 후 재시작
Esc    현재 몸 · 일시정지         J    원정 기록
M    음소거",
END_WIN,원정 완료,
END_LOSE,영혼 소멸,
END_SUB,여기까지 남긴 흔적,
END_STATS,빙의 %d회    /    처치 %d    /    %.1f초,
RESTART,새로운 삶    R,
ROOM_TRAINING,깨어나는 방,
ROOM_OSSUARY,납골당,
ROOM_HALL,잊힌 회랑,
ROOM_VAULT,감시자의 묘실,
ROOM_GALLERY,세 갈래 회랑,
ROOM_CROSSROADS,봉인된 교차로,
ROOM_TERRACES,상층 회랑,
ROOM_WARDEN,묘지기,
ROOM_SOVEREIGN,공허의 군주,
ROOM_NUMBER,%02d / %02d  ·  %s,
TOAST_INHABIT,새 몸을 빼앗았습니다,
TOAST_EXPOSED,정체가 드러났습니다,
TOAST_REJECTED,빙의 실패 · 적을 더 약화하세요,
TOAST_UNREACHABLE,가까운 적을 조준하세요,
TOAST_FOCUS,시간이 느려졌습니다 · 다음 몸을 고르세요,
TOAST_SUPPLY,보존제 획득 · 수명 회복,
TOAST_CLEAR,구역 확보 · 출구가 열렸습니다,
TOAST_WAVE,증원이 다가옵니다,
TOAST_LOADED,재장전 완료,
TOAST_UPGRADE,영혼에 힘을 새겼습니다,
TOAST_MILESTONE,원정 기록이 갱신되었습니다 · J로 확인,
TOAST_ELEMENT,열충격 · 얼음과 불꽃이 충돌했습니다,
TOAST_DETECTION,감시자가 영혼을 감지합니다,
TOAST_START,WASD 이동 · 좌클릭 약화 · 우클릭 빙의,
TOAST_COMBAT,전투 시작,
TOAST_LEVEL,성장 획득 · 방 정리 후 선택,
TOAST_BOSS,공격 예고 · 붉은 표시를 피하세요,
EFFECT_AMBUSH,첫 공격 +%d%%,
EFFECT_VIGOR,몸 수명 +%d%%,
EFFECT_MERCY,빙의 +%d%%p,
EFFECT_CURSE,유령탄 +%d%%,
EFFECT_ROT,부패 공격 최대 +%d%%,
EFFECT_FUNERAL,폭발 +%d%% · 범위 +%d%%,
TARGET,빙의 %d%%,
TARGET_STATUS_FIRE,화상,
TARGET_STATUS_ICE,둔화,
DATA_913E19C5A5,연발병,
DATA_A57B610438,연발총,
DATA_2F11F8686A,연속 사격 · 오래 쏘면 탄이 퍼집니다,
DATA_0184A249F7,망치병,
DATA_C985070FD1,대형 망치,
DATA_8727D2ACD0,근접 광역 강타 · 밀쳐내기,
DATA_2640815A99,산탄병,
DATA_9EB787E16E,쌍열 산탄총,
DATA_46CE4AF7D3,가까이 붙어 한 방 · 6발의 산탄,
DATA_5C6127F24C,서리 궁수,
DATA_128D0EAC6A,서리 활,
DATA_B8C57C295D,좌클릭 유지 후 놓기 · 적을 느리게 합니다,
DATA_DB2D3CAD7C,화염 술사,
DATA_B0C495A958,화염구,
DATA_031D1E4FEF,폭발과 화상 · 얼어붙은 적에게 열충격,
DATA_ACD2267448,번개 술사,
DATA_70813B2389,연쇄 번개,
DATA_0D8855F2A4,가까이 모인 적에게 번개가 이어집니다,
DATA_D061CB8BAE,묘지기,
DATA_117702EF1A,"중간 보스의 몸. 피해 +40%, 수명 +60%. 이동 -15%.",
DATA_5545FEAFB7,공허의 군주,
DATA_CECC52CD1F,"최종 보스의 몸. 피해 +80%, 수명 +100%. 이동 -20%.",
DATA_AEF1A1E70E,일반,
DATA_4E8EF53F26,특별한 특성 없이 균형 잡힌 몸.,
DATA_1156922519,날렵한,
DATA_899C5AAFE5,"이동 +20%, 재장전 +20%. 몸의 수명 -20%.",
DATA_FA257D42A0,보존된,
DATA_63260AB21C,몸의 수명 +30%. 이동 -15%.,
DATA_4E666FFE77,흉포한,
DATA_B8A008D13B,"공격 속도 +25%. 반동 +50%, 몸의 수명 -10%.",
DATA_491836FB4F,영혼 감시자,
DATA_93D6A20DBD,적일 때 위장을 탐지. 빙의하면 벽 너머 영혼 감지와 빙의 +8%p. 이동 -10%.,
DATA_877814D05B,첫 공격 강화,
DATA_02278C3B02,몸의 무기,
DATA_30EEC9B2AD,"빙의 후 위장을 깨는 첫 공격이 강해집니다.
새 몸마다 한 번. 빗나가도 소모됩니다.",
DATA_F00986F278,몸 수명 증가,
DATA_BD7853F675,몸 유지,
DATA_308D7C4714,"빌린 몸을 더 오래 사용할 수 있습니다.
현재 몸에도 적용. 유령의 20초는 그대로입니다.",
DATA_644445B3BA,빙의 확률 증가,
DATA_6095AF9B41,우클릭 빙의,
DATA_7F2CC8F0F0,"같은 체력의 적에게 빙의하기 쉬워집니다.
특별 개체에도 적용. 최대 확률은 95%입니다.",
DATA_5D8DA18D43,유령탄 강화,
DATA_C15A0ED20C,유령의 좌클릭,
DATA_71E4D53F09,"몸이 없을 때 쏘는 탄환이 강해집니다.
적의 체력을 더 빨리 깎아 빙의를 준비합니다.",
DATA_BDD1FA573D,부패 공격 강화,
DATA_A42A7EF23C,"몸의 남은 시간이 적을수록 강해집니다.
새 몸에서는 0%, 시간이 줄며 점점 증가합니다.",
DATA_7A90FA0685,몸 폭발 강화,
DATA_372C83AA8D,수명 종료,
DATA_CEACA35A73,"몸의 시간이 다 됐을 때 폭발이 강해집니다.
E로 직접 나오거나 갈아탈 때는 폭발하지 않습니다.",
DATA_A0DAA373C4,첫 공격 +%d%%,
DATA_42BFCDD427,몸 수명 +%d%%,
DATA_27F0BF7EF4,빙의 +%d%%p,
DATA_288CB29ECB,저주탄 +%d%%,
DATA_A48C1EBA13,부패 공격 최대 +%d%%,
DATA_4105B38D3A,폭발 +%d%% · 범위 +%d%%,
DATA_CA6A49A1FE,"기본 피해 20인 몸의 첫 공격
%.0f → %.0f 피해",
DATA_143157A0EF,"기본 수명 25초인 몸
%.0f → %.0f초 (남은 비율 유지)",
DATA_D410C8C9CA,"증강 전 확률이 50%%인 적
%d%% → %d%%",
DATA_B12129A326,"유령탄 한 발 피해
%.1f → %.1f",
DATA_849C402F0D,"몸 수명의 절반이 남았을 때
추가 피해 %.1f%% → %.1f%%",
DATA_215416D262,"폭발 피해 %.0f → %.0f
반경 %.2fm → %.2fm",
DATA_400A5D85A0,영혼 나침반,
DATA_AC1703DCFA,빙의 확률 +5%p (최대 95%),
DATA_CDA84CCCB9,멈춘 모래시계,
DATA_643EF4A521,새로 빌리는 모든 몸의 최대 수명 +6초,
DATA_A4C3721A94,메아리 불씨,
DATA_45F11B7F89,공격 적중 시 4m 내 다른 적 하나에 피해 20% 전이 · 0.7초 간격,
DATA_EFF4158B2B,연쇄 잠입,
DATA_0F32AB5700,첫 공격 강화 + 빙의 확률 증가,
DATA_8DEA6EF201,빙의 확률 추가 +12%p,
DATA_2F6B2BB8CE,썩지 않는 분노,
DATA_24AAF4E976,몸 수명 증가 + 부패 공격 강화,
DATA_A2F21A7ACA,몸 피격으로 잃는 수명 30% 감소,
DATA_2E92A44F72,불사조의 장례,
DATA_02FEA80716,유령탄 강화 + 몸 폭발 강화,
DATA_1A520D2539,E로 직접 이탈해도 강화된 폭발 발생,
DATA_C4D71626E8,깨어나는 방,
DATA_0EDFE0C96D,잊힌 회랑,
DATA_58E239B170,감시자의 묘실,
DATA_93CC7C811D,중간 보스 · 묘지기,
DATA_A3BE93F7CB,최종 보스 · 공허의 군주,
DATA_EF6E470853,시련의 보물고,
DATA_97929B293C,순례자의 회랑,
DATA_3928318A52,경로 선택: ,
DATA_1C751F2DCA,시련의 보물고 · 적 강화 / 추가 증강,
DATA_FA6035090F,순례자의 회랑 · 입장 시 시간 회복,
DATA_3CBF86CFF1,증원 도착 · %d / %d차 전투,
DATA_8D3143A1AF,빌드 성장 완료 · 잔향 공격력 +%d%%,
DATA_E7AD47D3A7,서로 다른 적에게 8회 빙의,
DATA_10B1845275,특별 개체 4명 처치 또는 빙의,
DATA_A947681AEE,적 10명 직접 처치,
DATA_359479E563,의뢰 완료! ,
DATA_024F98B302, · 유물 획득,
DATA_E84717DEAB,유물 수집 완료 · 추가 증강 획득,
DATA_6C948F8CC0,유물 발견 · ,
DATA_C7BA1561C1,조합 완성! ,
DATA_68E06972B8,보스의 의지 · 체력을 20% 이하로 낮추면 빙의 가능,
TAB_SETTINGS,설정,
SETTING_SENSITIVITY,마우스 감도,
SETTING_VOLUME,효과음 크기,
SETTING_FULLSCREEN,전체 화면,
SETTING_RESOLUTION,창 크기,
SETTING_INVERT_Y,마우스 상하 반전,
SETTING_VSYNC,수직 동기화,
SETTING_ON,켜짐,
SETTING_OFF,꺼짐,
SETTING_RESET,기본값으로 복원,
SETTING_SAVED,변경한 설정은 바로 적용되며 다음 실행에도 유지됩니다.,
SETTING_SAVE_ERROR,설정을 저장하지 못했습니다. 이번 실행에만 적용됩니다.,
BIND_FORWARD,앞으로 이동,
BIND_BACK,뒤로 이동,
BIND_LEFT,왼쪽으로 이동,
BIND_RIGHT,오른쪽으로 이동,
BIND_INTERACT,상호작용,
BIND_RELOAD,재장전,
BIND_EJECT,몸에서 나오기,
BIND_DASH,회피 돌진,
BIND_JUMP,점프,
BIND_WAIT,새 키 입력 · Esc 취소,
BIND_RESET,조작 키 기본값 복원,
BIND_HELP,버튼을 눌러 키를 바꿉니다. 좌클릭 공격 · 우클릭 빙의 · Esc 일시정지 · J 기록 · M 음소거. 메뉴의 Enter / Tab / R / 1~3은 고정입니다.,
BIND_CONFLICT,이미 사용 중이거나 메뉴에서 사용하는 키입니다. 다른 키를 누르거나 Esc로 취소하세요.,
TAB_RECORDS,지난 원정,
RECORD_EMPTY,아직 기록이 없습니다. 원정을 마치면 여기에 남습니다.,
RECORD_ROW,%d. %s · %s · %d구역  /  처치 %d · 빙의 %d  /  %d분 %02d초,
RECORD_CLEAR,완료,
RECORD_DEAD,소멸,
RECORD_NOTE,최근 20판을 저장하며 이 화면에는 최신 8판을 표시합니다. 연습과 종료하지 않은 원정은 기록하지 않습니다.,
RECORD_SAVE_ERROR,원정 기록을 저장하지 못했습니다. 이번 실행에서만 확인할 수 있습니다.,
